Dive Number,Breaths per Minute,Turning Angle,Dive Depth,Dive Duration,Activity Level,Distance Travelled
2,2.322580645,-39.47862491,32,2.583333333,1.006709359,325.6379533
3,2.711864407,-43.17079909,55,2.95,1.040256151,521.1419296
4,2.950819672,-15.08730592,22,2.033333333,1.019769357,498.9193074
5,1.986754967,4.324619453,22,2.516666667,1.006716001,117.6595021
6,2.105263158,2.920976749,15,0.95,0.857622097,244.1024009
7,4.263959391,-149.4271633,43,3.283333333,0.928661583,170.1454033
8,2.142857143,8.750022229,12,1.4,0.946836637,129.1264852
9,1.935483871,-7.778791783,18,1.033333333,0.871572248,161.6730996
10,3.130434783,56.23265507,34,1.916666667,0.851537174,57.42236724
11,0.530973451,5.004004765,20,1.883333333,0.934719934,91.402255
12,10.24390244,81.12783263,8,0.683333333,1.08066509,168.5118939
13,4.897959184,51.25205959,12,1.633333333,1.006995005,99.96185781
14,1.678321678,99.29654269,24,2.383333333,1.016062603,446.0456846
15,1.627906977,-176.0418685,30,4.3,1,617.8379722
16,8.181818182,83.98736042,13,1.466666667,1.034025084,194.8759726
17,2.27027027,-82.60758427,13,3.083333333,0.921766222,24.83733771
18,3.829787234,80.67420098,7,1.566666667,0.890982888,86.30138177
19,4.680851064,92.44376211,17,2.35,0.978556624,152.3944884
20,1.363636364,-110.8832706,4,0.733333333,0.929611521,35.58862478
21,2.5,-76.28313528,8,1.6,1.395838869,230.4921825
22,3.442622951,129.3698856,17,2.033333333,0.985491842,540.7316591
23,2.608695652,-142.9486845,32,3.45,1.036974544,161.3015992
24,3.307086614,-6.766423227,10,2.116666667,1.06735266,162.8219072
25,1.403508772,-117.1723711,17,2.85,0.912300048,486.2319609
26,6.741573034,127.0169756,10,1.483333333,1.107376309,118.3849638
27,2.711864407,-103.8218211,19,2.95,0.925559335,184.8397578
28,0.662983425,-22.518379,27,3.016666667,0.961524154,135.7180393
29,1.690140845,40.96658979,12,1.183333333,1.059221714,124.4784881
30,2.173913043,86.90955236,20,2.3,0.995217091,82.52887923
33,3.125,-9.970780252,38,1.6,1.16629055,74.96029236
34,5.106382979,40.07750723,41,1.566666667,1.030314326,48.79920988
35,1.065088757,-7.783501843,23,2.816666667,0.834686681,52.28822683
36,4.337349398,41.38300569,21,1.383333333,1.121257304,72.09025982
37,2.307692308,-36.16119814,43,3.033333333,0.919040903,88.28748779
38,0.805369128,-17.39135171,38,2.483333333,0.881271408,94.46334745
39,6.101694915,-71.25268113,14,0.983333333,1.080052388,218.9743089
40,1.70212766,-15.76168536,52,4.7,1.068456579,251.8188041
41,0.875912409,-12.74664665,22,2.283333333,0.816834576,179.8952503
42,1.548387097,-178.8010153,30,2.583333333,0.880132984,252.2941949
43,1.747572816,78.62255942,24,1.716666667,0.915988314,102.4479077
44,1.371428571,65.6880462,33,2.916666667,1.001732823,182.6379852
45,1.832061069,-178.2287987,29,2.183333333,0.88180536,186.8252741
46,1.428571429,4.142792855,45,4.2,1.058734636,102.5436589
47,1.212121212,173.9676992,20,1.65,0.885079589,16.64671532
48,2.155688623,-86.02087389,55,2.783333333,1.131049768,247.4789638
49,0.916030534,-0.637603689,26,2.183333333,0.884646383,420.2474077
50,1.86770428,10.97854768,49,4.283333333,1.046030627,182.0336901
51,2.752293578,-19.69250454,21,1.816666667,0.934072134,113.5508102
52,1.546391753,-90.29483409,33,3.233333333,1.007384646,12.32644331
53,1.290322581,98.68942293,16,1.55,0.845254886,262.0510469
54,1.714285714,114.8056512,43,4.083333333,1.106316744,22.88246178
83,1.751824818,-0.000163018,21,2.283333333,0.983635502,74.68907187
84,1.008403361,-0.000164853,13,1.983333333,1.023452283,75.53083828
85,1.294964029,-0.000182298,12,2.316666667,1.021465967,83.52597944
86,1.417322835,-158.0376427,9,2.116666667,1.020423965,203.5279183
87,1.487603306,178.8013772,10,2.016666667,0.977560774,23.8157707
88,1.176470588,81.05523435,12,2.55,1.003151333,231.9118231
89,1.153846154,26.56502467,15,3.466666667,1.022743143,138.6851625
90,1.714285714,-127.7222272,9,1.75,1.011219613,116.8115838
91,1.263157895,-1.688759976,16,3.166666667,0.998209059,110.7285974
92,1.304347826,79.44666913,10,1.533333333,0.950349324,67.07445172
93,1.374045802,-40.03790872,38,2.183333333,0.827429258,63.7447676
94,1.764705882,67.31598748,13,1.7,0.994507781,192.9618797
95,1.704545455,-139.2711296,13,2.933333333,1.00416439,138.4925863
96,1.333333333,-30.36387721,11,2.25,0.9936503,47.59488681
97,1.475409836,-87.99325547,9,2.033333333,0.98154788,423.4461754
98,1.52866242,24.52964084,13,2.616666667,0.994294315,188.9580726
99,1.411764706,-94.66601901,13,2.833333333,1.035999725,306.4529848
100,1.387283237,92.26421386,13,2.883333333,1.042754648,176.6441627
101,0.863309353,-98.21583011,13,2.316666667,1.033003969,139.7602408
102,1.333333333,-125.2751091,15,2.25,1.045924071,77.10459679
103,1.818181818,15.09275141,11,2.75,1.003057263,110.637753
104,0.693641618,-162.0236986,14,2.883333333,0.997282835,139.2541202
105,1.860465116,22.84277129,15,2.15,1.00024241,239.4646904
106,0.94488189,-47.30846118,12,2.116666667,0.99975759,201.7002262
109,1.276595745,-100.4829278,157,7.05,1.282412401,880.6569092
110,1.2,12.62414594,216,9.166666667,1.164565934,188.5515433
111,2.857142857,105.7871153,9,1.4,1.018505963,365.8414254
112,0.916030534,74.58535023,233,6.55,1.091335634,666.0098008
113,1.538461538,-0.246345879,13,3.25,1.058360812,372.0873764
114,0.794701987,44.28101084,12,2.516666667,0.96399735,212.700309
115,1.263157895,29.01238218,91,3.166666667,0.94423557,373.3756347
116,1.111111111,27.52568296,31,2.7,1.112938765,379.2608774
117,1.509433962,14.15211676,10,2.65,1.040525132,211.1766403
118,1.463414634,23.72489042,12,2.05,1.081843816,510.7526919
119,1.013513514,-25.16745157,147,9.866666667,1.15240069,641.4801196
120,1.337579618,-26.8395843,163,10.46666667,1.135481833,518.9231588
121,1.23364486,-17.61468972,161,8.916666667,1.095079972,369.4364093
122,1.123595506,2.429131439,130,8.9,1.078022435,420.7092848
123,1.126760563,22.88896804,140,7.1,1.091273999,656.5652289
124,0.975609756,-1.218575885,134,6.15,1.077822121,560.7118318
125,1.530612245,-27.04796276,14,3.266666667,0.955445468,758.8443988
126,1.357466063,-21.75102557,131,7.366666667,1.035748405,942.7737654
127,1.196581197,-22.69914622,143,5.85,0.925629449,769.1582484
128,1.315789474,28.42874649,105,3.8,0.81830719,347.1016148
129,1.714285714,48.59371739,17,2.916666667,0.921106968,423.2868807
130,1.648351648,23.21704543,15,3.033333333,0.875520047,466.898441
131,1.791044776,39.30689845,14,2.233333333,0.850080126,557.1857897
132,1.090909091,14.18481682,17,4.583333333,0.858732164,688.7917631
133,1.287553648,-13.75227351,52,3.883333333,0.879911554,672.8953406
134,1.707317073,31.6000597,67,4.1,1.008020278,1232.447561
135,1.35523614,-41.06844864,162,8.116666667,1.039538969,802.9049079
136,1.233933162,-89.87743593,193,6.483333333,0.998073901,1070.827203
137,3.307086614,-17.21069407,11,2.116666667,0.939682271,640.8605725
138,1.565217391,25.14138015,145,7.666666667,0.995223273,697.3288842
139,1.401869159,23.83440149,106,3.566666667,0.854463928,523.8078803
140,1.546391753,27.30517652,13,3.233333333,0.869780271,559.1677798
141,1.435406699,44.55770329,21,3.483333333,0.85648248,511.2500144
142,1.764705882,26.1809042,33,2.833333333,0.876359826,561.4180834
143,1.469387755,-7.585858904,41,4.083333333,0.91646892,2505.039987
144,1.339285714,-177.6959968,24,3.733333333,0.885312336,1147.132262
145,1.910828025,133.191237,12,2.616666667,0.974313538,624.6684218
146,1.470588235,13.71189883,59,3.4,1,548.0655191
147,1.698113208,-5.56127604,11,1.766666667,0.909766094,525.7559474
148,1.395348837,13.43710891,51,3.583333333,1.019291812,556.1976785
149,1.176470588,-0.503966814,13,2.55,0.961192949,493.9842417
150,1.714285714,-11.34735176,8,2.333333333,1.110974144,697.6888749
151,1.395348837,-8.993980808,115,4.3,0.985153626,994.1283525
152,1.028571429,5.720427029,150,5.833333333,0.964390274,667.5304537
153,2.278481013,-17.05747586,9,1.316666667,1.082121175,890.8642792
154,1.047381546,-4.212592884,195,6.683333333,0.920667817,814.5576869
155,1.323529412,-38.91437647,11,2.266666667,1.022381275,739.9529733
156,0.956175299,2.047865348,222,8.366666667,1.004699683,1067.934012
157,1.894736842,12.30677157,11,1.583333333,0.97191747,1262.959452
158,1.130298273,-23.28374433,247,10.61666667,1.110273044,1163.542288
159,1.37733142,4.67297713,260,11.61666667,1.0597399,751.6330003
162,1.333333333,-89.43704663,7,0.75,0.859660232,34.46486066
163,4.285714286,147.1712888,7,0.7,1.091958335,19.3965408
164,1,-38.74516076,9,1,1.177467612,97.3234334
165,4.06779661,14.48591814,10,0.983333333,0.581057357,68.23917735
166,1.818181818,-40.399958,5,0.55,1.44824399,235.3637342
167,5.179856115,-58.84366169,20,2.316666667,0.662389302,304.0885805
168,1.818181818,165.8091764,24,2.2,0.537465451,460.962224
169,2,112.1259235,24,2,0.595678021,672.7496387
170,0.967741935,-152.2468338,6,1.033333333,0.971073773,42.77072292
171,1.176470588,-6.723360321,18,1.7,0.467669186,147.6138522
172,3.243243243,-0.987244645,5,0.616666667,1.11351121,114.0045993
173,2.608695652,-161.7353549,5,0.383333333,1.691201493,43.28616899
174,3.829787234,65.17037721,19,1.566666667,0.537033314,933.5058045
175,7.894736842,-173.6735434,7,0.633333333,0.78457628,980.7118614
176,0.967741935,-163.2029126,8,1.033333333,1.320763324,233.4485864
177,0.821917808,170.5211307,19,2.433333333,0.589364007,27.69027795
178,5.853658537,-82.68553974,7,0.683333333,0.752526056,100.5349776
179,5.142857143,8.05E-06,6,0.583333333,1.214949569,73.41690088
180,1.363636364,4.79E-06,7,0.733333333,1.009894156,43.65325666
181,2.4,26.68095343,5,0.416666667,0.9818172,27.33755121
182,1.5,84.42282418,5,0.666666667,1.441641884,152.7309643
183,2.362204724,95.2581478,22,2.116666667,0.594873765,261.0484976
184,1.276595745,-120.4208626,5,0.783333333,1.248194174,90.02436287
185,2.912621359,11.81308726,15,1.716666667,0.799563061,212.0683376
186,7.692307692,31.57028347,13,1.3,0.975797279,435.2445346
187,3.853211009,-91.26282459,20,1.816666667,0.522796772,338.0383304
188,0.810810811,-133.9610649,8,1.233333333,0.990105844,750.7861347
189,1.44,1.344955539,17,2.083333333,0.410903078,312.354355
190,13.17073171,160.0651417,6,0.683333333,1.203269843,72.07497735
191,1.016949153,-117.2645898,9,0.983333333,1.236130326,128.8543435
192,0.425531915,-24.08786443,22,2.35,0.438475874,101.6612089
193,19.2,-106.9355817,10,0.416666667,1.387714681,52.25052921
194,1.621621622,-165.3014512,8,1.233333333,1.268288584,142.7115692
195,5.853658537,-6.177777328,9,0.683333333,1.030678787,202.3723812
196,4.8,-82.78220816,16,1.666666667,0.820017586,254.9855101
197,1.304347826,-115.0227267,8,0.766666667,0.694841654,115.5236491
198,1.714285714,-28.99853736,6,0.583333333,1.256428801,64.5139109
199,2.857142857,-0.000111854,5,0.35,1.263252978,73.87862848
200,1.25,-0.000157543,9,0.8,0.704894861,104.0540351
201,1.363636364,-68.57664038,9,0.733333333,1.286918527,165.1123485
202,2.325581395,-32.45139332,18,2.15,0.551515934,145.608118
203,6.428571429,-20.16316832,6,0.466666667,0.95385428,64.64559557
204,1.5,-17.42003246,6,0.666666667,1.100661111,76.55985483
205,1.578947368,-7.043998247,11,0.633333333,2.503410588,106.4849623
206,3.658536585,130.3980262,17,1.366666667,0.833665939,16.62280962
207,0.869565217,-166.1635394,13,1.15,1.370525198,102.4185158
208,6.79245283,-119.0602196,12,0.883333333,1.071167702,88.07165257
209,0.810810811,114.2872826,17,1.233333333,1.621165152,41.03697361
210,0.405405405,31.45826979,25,2.466666667,1.149306629,122.658286
211,15,3.687875455,6,0.466666667,0.986510697,79.71193763
212,1.034482759,134.4406808,18,0.966666667,2.258094332,213.231122
213,3,-159.9469299,13,1,1.519942862,40.93467218
216,1.395348837,10.14341361,25,3.583333333,0.855459905,412.0805546
217,1.145038168,55.14893136,171,8.733333333,0.983213021,407.4199483
218,1.346633416,26.87386382,172,6.683333333,0.906610316,574.9419534
219,1.482701812,20.04220562,167,10.11666667,0.981917715,310.729364
220,1.048951049,-62.05028982,159,9.533333333,0.926087183,57.67263583
221,1.212121212,46.08555022,171,11.55,1.045936095,19.537142
222,1.121495327,37.16638556,180,10.7,1.144038992,181.032865
223,1.090909091,-10.99689252,160,10.08333333,0.925557714,123.0041386
224,1.216216216,11.48905516,162,9.866666667,1.132078683,51.78462305
225,4.444444444,-113.3893097,11,0.9,1.240042925,68.36378357
226,0.873786408,50.60056354,165,10.3,1.088681199,193.1904217
227,1.518987342,25.67973398,17,2.633333333,0.844558532,164.10605
228,1.026315789,64.74760636,184,12.66666667,1.016786979,49.44888795
229,0.882352941,9.065831471,184,10.2,1.068268308,231.5412936
259,1.472392638,-141.3648335,186,8.15,1.047106799,140.0589517
260,1.923076923,73.50580341,196,7.8,1.053891584,260.3311485
261,1.643835616,30.75604037,203,8.516666667,0.916039748,97.96777653
262,1.6875,-83.0785608,206,5.333333333,0.855175889,402.7273106
263,1.472392638,24.34463504,206,8.15,1.061719281,361.3807413
264,1.405405405,22.15265541,212,9.25,1.001230401,70.55476992
265,1.911764706,-76.87679844,209,6.8,0.89526354,210.6542454
266,2,-149.6727729,213,8,1.071738264,91.72428577
267,1.487603306,-167.6203318,195,8.066666667,0.979739389,439.2763244
268,1.349693252,-143.9124198,206,8.15,1.037790902,358.9246978
269,1.776315789,178.8863089,194,5.066666667,0.729346833,316.7303203
270,1.882845188,-40.08930494,182,7.966666667,0.998769599,319.6882802
271,1.818181818,-5.351468738,194,6.6,1.032365418,385.4641035
272,1.656804734,-86.88949064,200,8.45,1.112880546,125.6464175
275,1.324921136,-174.9189986,187,10.56666667,1.072021182,195.7409715
276,1.281553398,8.682105229,203,8.583333333,0.939571829,222.5433452
277,1.476274165,-158.2380854,201,9.483333333,1.009805007,50.32341511
278,1.161290323,8.827224652,213,12.91666667,1.155819976,297.5513971
279,1.390728477,135.0959834,211,10.06666667,1.078371493,475.2952753
280,1.761658031,64.08596761,198,9.65,1.262984119,684.0400846
281,1.693907875,-93.19369318,240,11.21666667,1.071525393,123.1626385
282,1.2,-85.95478453,244,10,0.92683956,130.0540398
283,1.415929204,78.46450279,238,11.3,1.011577187,82.74004957
284,1.224489796,-110.5264068,253,10.61666667,1.000089664,108.4467757
285,1.329113924,-156.512976,247,10.53333333,0.953844206,68.74902292
286,1.44,-4.396218191,246,10.41666667,1.019214439,319.7333326
287,1.444444444,-177.1658912,246,9,0.999910336,412.6424518
288,1.442307692,-65.66444234,249,10.4,0.985659056,510.3919235
289,1.516587678,-157.1606938,244,10.55,0.965068013,243.1220202
290,1.374795417,-150.7719917,232,10.18333333,0.935320707,387.7445328
291,1.276595745,-54.62495929,222,8.616666667,0.893231433,289.1067777
292,1.40625,102.1202191,219,8.533333333,0.965563801,258.481059
293,1.331220285,-43.3976493,227,10.51666667,0.936913559,76.06451053
294,1.363636364,-122.1112767,197,8.066666667,1.088856891,273.0892408
297,1.779242175,-12.09489632,217,10.11666667,1.023797243,180.5369624
298,1.570680628,31.49465708,219,9.55,1.016878207,493.4981399
299,1.52173913,3.067572379,216,9.2,1.024759738,494.6844691
300,3.956043956,-43.13652499,15,1.516666667,0.883496347,268.6018455
301,1.771217712,7.094677386,219,9.033333333,1.000575247,564.1605528
302,1.48409894,6.256819383,211,9.433333333,1.01647007,456.3187089
303,1.428571429,116.7311709,202,6.3,0.965412852,127.191263
304,1.507537688,49.38513412,168,6.633333333,0.963099008,517.2085226
305,1.573426573,24.90850784,204,9.533333333,0.999424753,957.0384883
306,1.675977654,9.228424656,208,8.95,0.984489211,897.753278
307,1.541284404,2.957880151,199,9.083333333,0.986822337,621.163704
308,1.714285714,-26.22281971,202,8.75,0.981894171,291.5702522
309,1.330868762,153.6873003,213,9.016666667,0.995774021,11.1848774
310,1.651376147,-15.07807381,222,9.083333333,1.028539016,72.52264201
311,1.477272727,-10.31952295,213,8.8,0.983134648,117.8604718
312,1.482889734,-124.0024413,222,8.766666667,1.011424605,190.7578917
313,1.666666667,-100.461988,241,9,0.990889239,233.292815
314,1.541501976,-77.60336446,224,8.433333333,1.01096505,332.2347098
315,1.615798923,-53.88801281,200,9.283333333,0.997053063,206.7836773
316,2.015810277,74.43597405,202,8.433333333,1.001497571,194.9103649
319,1.082164329,173.9777444,140,8.316666667,1.097270345,387.6811754
320,1.21703854,-35.18646447,138,8.216666667,0.77043806,349.2931723
321,0.617283951,-19.16097849,132,8.1,0.550259617,239.2699482
322,2.790697674,58.17520051,11,0.716666667,1.806911986,147.5715378
323,1.178781925,-37.93497053,138,8.483333333,0.859600907,233.4925981
324,1.338742394,-85.87940288,131,8.216666667,0.855674758,273.5579994
325,1.234567901,-167.7758691,134,8.1,0.839027885,391.3941761
326,0.952380952,-109.4243627,130,7.35,1,262.9887841
327,0.873786408,-7.378647442,126,6.866666667,1.178109755,420.5745112
330,1.24600639,128.7262989,164,10.43333333,1.042773468,389.9524243
331,1.734104046,12.02534201,178,8.65,1,173.2654297
332,1.336032389,163.3644623,159,8.233333333,1.014094123,796.5805719
333,1.578947368,27.10623155,135,8.866666667,1.005362155,640.0779594
334,1.202672606,25.41551444,142,7.483333333,1.027816928,476.395876
335,2.641509434,-22.27464752,26,2.65,0.94480933,806.0581593
336,0.957446809,2.070165423,113,6.266666667,1.00523439,888.2069337
337,1.643835616,-9.912593876,23,2.433333333,0.989758803,626.6391512
338,1.698113208,-9.925784098,82,3.533333333,0.984336758,758.0964283
339,1.603053435,-13.44057216,31,4.366666667,0.969384211,734.1918527
340,1.296296296,-0.139007804,70,5.4,0.991168215,779.5136427
341,1.523809524,16.23811003,27,5.25,0.97225494,721.3424561
342,1.37704918,23.0035461,71,5.083333333,1.011842258,663.5976465
343,1.404682274,18.42902761,23,4.983333333,0.982292511,664.1544005
344,1.448275862,33.41365626,25,4.833333333,0.972630251,648.8944767
347,0.863309353,-1.194444968,37,2.316666667,0.947029753,365.9082258
348,2.571428571,-15.82932443,16,1.166666667,0.891419364,411.8183328
349,1.469387755,-63.66208115,120,4.083333333,0.940483456,321.8334611
350,1.176470588,-62.76605658,150,5.95,0.98030182,814.5209205
351,1.40625,-0.001855823,205,8.533333333,1.047888758,837.7170279
352,1.065989848,-24.33084104,215,6.566666667,0.866622257,456.4776497
353,2.5,-73.65463917,12,1.6,0.865670132,1735.854661
354,1.550387597,29.32210068,219,6.45,0.993659474,1115.593634
355,1.137931034,22.77735086,214,9.666666667,0.902496103,951.0145024
356,1.5,-3.035654529,240,11.33333333,1.038681394,854.8030241
357,1.278538813,-27.51292067,271,10.95,1.004404887,1038.764151
358,0.905660377,-30.19565408,266,8.833333333,0.99936525,630.0216304
359,2.068965517,-10.98618529,18,1.933333333,0.973776449,813.4071147
360,1.101836394,-0.002139975,251,9.983333333,1.02520516,1182.738417
361,0.831683168,15.28315369,202,8.416666667,0.99685415,691.3180463
362,1.690140845,21.48707904,19,2.366666667,1.01181263,541.8517021
363,1.179039301,-78.72892039,204,7.633333333,0.984793898,511.1089132
364,1.935483871,-97.46590073,24,2.066666667,1.00308656,85.38572289
365,0.579710145,-69.98527444,141,6.9,0.986293582,139.9256282
366,4.444444444,-7.82E-05,6,0.45,0.970588748,79.95752684
367,0.873786408,-0.000228823,56,3.433333333,1.010724487,234.122315
368,1.134453782,-34.51528868,166,7.933333333,0.997000631,654.1724909
369,0.864553314,-8.554930631,262,11.56666667,1.00063475,918.6421097
370,1.450777202,31.4680183,276,9.65,0.982928012,312.1907455
371,3.260869565,98.28477814,13,1.533333333,1.0274791,311.8230144
372,2.686567164,0.000560671,9,1.116666667,1.018536796,1059.583127
373,0.391644909,0.000285105,287,12.76666667,1.083759116,965.5458372
374,1.875,-0.189442247,9,0.533333333,0.940922899,260.2637498
375,5.6,-49.23185707,19,1.25,1.094302246,182.4559593
376,1.420118343,68.39291076,230,11.26666667,1.060221047,482.5519618
383,1.145833333,-175.0674277,283,9.6,1.474881035,357.2403474
384,1.386748844,-43.39545472,275,10.81666667,1.492389843,642.3446121
385,0.37037037,-52.28133107,270,10.8,1.28400959,382.6963171
386,4.516129032,82.18523866,18,1.55,1.668458716,366.5573781
387,0.9375,17.9130437,255,9.6,1.284772422,765.8944641
388,0.781476122,-4.466964542,195,11.51666667,1.140887791,646.0438384
389,1.209677419,-34.14948522,176,8.266666667,1.363634712,671.24057
390,1.202185792,-1.047761573,196,9.15,1.129881216,618.2357213
391,0.827586207,37.86139442,32,2.416666667,0.7754913,687.0561914
392,0.943820225,23.53236918,164,7.416666667,0.978731519,1307.407002
393,0.965147453,-9.896064021,126,6.216666667,0.919321443,1195.839391
394,1.234567901,13.29909275,94,4.05,1.136710378,782.9356758
395,0.642857143,12.89454808,97,9.333333333,1.059192125,534.5052855
396,0.900900901,-32.27184014,84,5.55,1,280.939211
397,0.892857143,-96.43250542,89,5.6,0.83165026,102.0463511
398,0.753138075,-51.3242806,94,3.983333333,0.705655854,205.1776684
399,0.965147453,-34.81901019,96,6.216666667,0.81870028,215.4373753
400,0.970350404,-150.3451157,97,6.183333333,1.047858622,168.9285796
401,0.659340659,-0.718077088,92,6.066666667,0.811289912,437.2717783
402,0.892857143,-24.39233707,92,5.6,0.945057939,313.1344576
403,0.679886686,-35.11164235,90,5.883333333,0.791928512,158.0922609
404,1.163434903,-81.97470794,96,6.016666667,1.018762033,447.0418059
405,1.105263158,-75.11972717,98,6.333333333,0.710941189,153.8420541
406,0.815217391,-60.60498101,98,6.133333333,0.881924516,152.2018479
407,0.804289544,-80.39887972,97,6.216666667,0.876384903,238.8926163
410,1.047729919,41.95666121,263,14.31666667,1.040060566,558.267028
411,1.190198366,171.4871223,271,14.28333333,0.929464148,293.1382351
412,1.264637002,49.57913078,259,14.23333333,0.965623877,102.2519269
413,1.27090301,110.3283719,262,14.95,1.038405276,323.9613096
414,1.119648738,61.35413379,264,15.18333333,0.90138839,166.2765216
415,0.917030568,-175.0420618,269,15.26666667,1.013524611,565.2290903
416,2.727272727,105.5845813,18,2.933333333,1.099599651,274.0019284
417,1.107692308,119.9446896,261,10.83333333,1.03269517,523.4188766
418,1.165714286,49.30378221,263,14.58333333,0.831006519,477.2048106
419,1.134453782,-22.22390553,241,15.86666667,0.972758302,398.317868
420,1.153846154,-25.38084244,209,15.6,1.038264128,203.3983307
421,1.019830028,-153.8486477,197,11.76666667,1,346.3772282
422,1.092436975,-26.41754068,209,11.9,1.047374634,383.8857151
425,0.591133005,2.202436224,11,6.766666667,1.055027128,1040.769943
426,0.295081967,0.677198155,67,10.16666667,1.056296118,793.4331205
427,0.504201681,-21.92599866,14,3.966666667,1.033547953,463.7694189
428,0.335195531,9.588427291,11,2.983333333,1.019346356,372.8779003
429,0.171428571,-5.4812405,16,5.833333333,1.02331577,747.2065429
430,0.208333333,-4.583593419,17,4.8,1.025408456,443.2175986
431,0.506329114,0.440935376,13,3.95,1.012795007,737.5515549
432,0.366598778,5.994117832,15,8.183333333,1.01495076,745.3045976
433,0.146341463,-10.17755926,33,6.833333333,1.015145695,325.7262453
434,0.413793103,-1.374739543,12,2.416666667,0.98501484,183.2179016
435,0.342857143,19.4198442,12,2.916666667,1.000747251,454.0244418
436,0.337078652,-2.365145857,20,5.933333333,0.999252749,725.2569088
437,0.128205128,24.16896312,33,7.8,1.013559458,604.4328233
438,0.528634361,-23.87039734,14,3.783333333,1.001085521,446.8117906
439,0.493150685,-16.27203367,40,6.083333333,0.963227973,431.0080383
440,0.49382716,33.42599232,15,4.05,0.99351554,764.9862636
441,0.125523013,14.31511975,20,7.966666667,0.999203059,871.8059839
442,1.005586592,-68.0447934,13,2.983333333,0.990755871,25.72372536
443,0.12195122,-103.3716515,19,8.2,0.986125206,233.4680731
444,1.011235955,179.2699611,12,2.966666667,0.986226496,1085.100384
445,0.12195122,-11.76429815,19,8.2,0.979694258,941.4383289
446,0.967741935,5.709747124,11,3.1,0.968233219,231.1778708
447,0.210035006,12.52368273,147,14.28333333,0.998385096,517.652394
448,0.391134289,-0.000103787,107,12.78333333,0.990186354,342.5457396
451,1.19205298,48.80367662,18,2.516666667,0.748958393,336.7907763
452,1.323529412,23.58718161,14,2.266666667,0.780547254,252.6102474
453,2.526315789,7.456724267,17,1.583333333,0.883608698,200.1808847
454,0.917431193,51.94488737,316,10.9,1.206391601,149.8778792
455,6.666666667,-6.856400729,11,1.2,0.974819568,253.7641174
456,1.056338028,-31.25371004,309,9.466666667,1.044641864,358.775432
457,2.807017544,34.07306974,19,2.85,0.937981277,288.4771089
458,0.962099125,-12.00682864,317,11.43333333,0.905442415,90.04388545
459,1.282051282,-92.2965112,16,3.9,0.946808135,276.7277915
460,0.972972973,110.1697441,22,6.166666667,0.93759042,880.420815
461,1.100917431,56.05721666,25,7.266666667,0.904432701,275.1444463
462,0.96069869,110.4446497,321,11.45,0.911457273,961.7839596
463,1.804511278,-33.59509069,13,2.216666667,1.016424145,281.9648449
464,1.206030151,-27.05835717,19,3.316666667,1.057485865,349.1061069
465,1.016949153,5.905349396,84,3.933333333,1.147735878,272.1985713
466,0.779220779,77.57450062,35,5.133333333,0.97872814,373.9496081
467,1.293103448,-20.81207276,26,7.733333333,0.95070585,550.8873103
468,0.578034682,-66.83933079,270,8.65,0.974434139,391.0368121
469,1.325966851,-50.84810902,21,6.033333333,0.947774421,600.5038264
470,1.151631478,1.131370636,30,8.683333333,0.936097562,553.3024236
471,1.290322581,-23.43555472,39,3.1,1.080834154,495.5904271
472,0.873786408,-28.37512887,218,6.866666667,1.089693584,410.6188067
473,1.118012422,-29.34559953,17,2.683333333,0.996951857,231.6443804
474,1.8,5.410032108,13,1.666666667,1.040603006,565.9024835
475,1.071428571,-6.394621949,227,6.533333333,1.087451584,806.9769571
476,0.957446809,-23.002074,20,3.133333333,1.003048143,532.1108763
477,2.386363636,-48.77802362,17,2.933333333,1.11967016,868.9807665
478,0.803212851,-0.001797348,339,12.45,0.870992696,775.3065059
479,2.123893805,-0.000694638,10,1.883333333,1.065379009,299.6849103
480,2.127659574,120.6807956,14,2.35,1.070709867,59.78459594
481,0.793269231,45.32876313,335,13.86666667,0.8994167,239.1132634
482,2.25,-44.34739109,12,1.333333333,1.191126456,130.9970244
483,0.382165605,-5.365563431,40,2.616666667,1.294676471,152.0494053
484,2.255639098,10.13500479,16,2.216666667,1.261475323,62.92882864
485,2.337662338,148.6897466,10,1.283333333,1.149836736,209.7599058
486,0.364963504,3.467500506,318,13.7,0.934827276,283.9960094
487,9.6,-0.000111296,7,0.833333333,1.184894455,100.0280832
488,4.864864865,-39.29494201,9,1.233333333,1.098938443,189.5748808
489,0.806845966,-81.37212825,319,13.63333333,0.897239842,104.1965492
490,1.935483871,-84.28275859,16,2.066666667,1.077625868,251.1601412
491,1.2,-32.03266087,18,2.5,1.068625296,139.407545
495,1.181619256,-13.26035695,237,7.616666667,1.091469595,525.7102263
496,2.608695652,0.000603452,14,1.533333333,0.979552365,731.4084427
497,1.465648855,-14.30117296,253,10.91666667,1.083209459,1315.982219
498,1.891891892,6.38083464,255,7.4,1.057103041,804.9761942
499,1.307189542,19.52534225,250,7.65,1.005109797,912.7775176
500,1.141649049,-18.19006079,217,7.883333333,1.130244932,997.0898524
501,2.112676056,-13.14037112,18,2.366666667,1,921.5104216
502,1.2,-1.902416693,231,9.166666667,1.026190878,937.9285045
503,1.836734694,9.763009025,18,3.266666667,0.972018581,874.8464051
504,1.294964029,0.606245769,228,6.95,1.005253378,896.0988823
505,3.121387283,-25.23964511,17,2.883333333,0.983758446,1481.772831
506,1.363636364,13.33154566,182,5.866666667,0.853454392,1021.54097
507,1.787234043,55.10623838,21,3.916666667,0.892111486,744.8359283
508,1.233933162,-43.12574908,171,6.483333333,0.978116554,1039.271878
509,1.463414634,-34.07559224,18,4.783333333,0.907888514,527.4950059
512,0.410958904,-48.07333584,125,7.3,1.288449435,283.34752
513,1.387283237,-120.1726224,127,8.65,1.537712412,458.4318168
514,1.089258699,43.97762028,123,11.01666667,1,604.373091
515,1.228346457,122.9350418,126,10.58333333,1.052138196,33.29337692
516,0.926640927,13.14809132,125,8.633333333,1.112921925,664.2845042
517,0.988467875,-35.35429071,133,10.11666667,0.793931564,553.7919394
518,1.229050279,-170.0496801,154,8.95,0.933469144,277.8970842
519,1.096345515,-75.02911546,123,10.03333333,0.922008016,191.5090824
520,1.361058601,39.22840175,126,8.816666667,0.973003412,250.1542005
521,1.285008237,114.4136972,141,10.11666667,1.262943456,73.969907
522,1.168831169,140.4914608,145,10.26666667,1.076368876,333.7347625
523,1.224489796,-84.18543617,149,10.61666667,0.930438239,433.2071905
524,1.287553648,86.01709853,145,7.766666667,0.955712346,211.2669113
525,1.030534351,173.6860545,146,8.733333333,0.98068833,745.6962852
526,1.307189542,-162.8311061,145,7.65,1.224369804,428.3555864
529,1.401869159,148.9646592,107,7.133333333,1.078963458,422.055063
530,1.753246753,-32.7391929,108,5.133333333,1.311092038,296.4464644
531,1.34529148,0.915330851,117,7.433333333,1.136598787,310.1426681
532,1.474201474,-40.25849866,124,6.783333333,1.115658656,298.4264522
533,1.714285714,-143.0743114,139,8.166666667,0.93480459,227.6265393
534,1.434262948,-30.11996425,132,8.366666667,0.902106946,310.9360115
535,1.307506053,-130.721113,115,6.883333333,0.849668438,161.146552
536,1.191066998,35.77922078,124,6.716666667,0.947573249,167.7918515
537,1.875,110.7829345,125,6.933333333,0.90780934,212.7644771
538,1.392111369,151.6212704,119,7.183333333,0.971182336,29.60157891
539,1.428571429,-82.48356788,121,7,1.13946762,53.76056533
540,1.310679612,-173.5512339,127,6.866666667,0.983033909,125.4658102
541,2.216748768,-39.44204712,121,6.766666667,1.222781357,200.9634442
542,1.469933185,-112.1358972,135,7.483333333,0.942952547,124.0891482
543,1.466992665,47.37071418,137,6.816666667,0.782956309,302.1236171
544,1.413612565,5.972929913,133,6.366666667,0.857193246,290.6000208
545,1.690140845,128.8893999,135,7.1,1.107404882,207.0819117
546,1.538461538,93.87009109,143,7.15,1.196585618,446.6889989
547,1.68618267,41.24743077,121,7.116666667,0.976414429,333.0113599
548,1.434262948,178.3933258,113,4.183333333,1.092073085,432.2262017
549,1.556195965,-24.73061893,115,5.783333333,1.337287777,606.3721612
550,1.717791411,-7.771211984,125,8.15,1,325.4884127
551,1.441048035,75.57643678,136,7.633333333,0.955297935,397.7693101
552,1.655172414,-17.72407311,142,7.25,1.036130838,435.5520381
553,1.355932203,-47.60952202,139,5.9,0.896251705,248.0264399
554,1.379310345,-123.9695071,136,5.8,1.073155246,354.7567323
555,1.794871795,-10.57945844,137,3.9,1.076035837,615.3059347
556,1.351351351,-40.48517195,134,7.4,0.866622772,397.5879449
557,1.296660118,-82.81904623,121,8.483333333,1.227507878,416.4242867
558,1.485148515,-77.57917173,113,6.733333333,1.043502798,465.2732979
559,1.438848921,-11.65213771,123,6.95,1.022774303,339.1522578
564,1.279317697,-107.8689222,110,7.816666667,0.723398424,142.8199943
565,0.557620818,166.0882595,107,8.966666667,0.93216328,102.0786486
566,0.75,-0.000211051,42,2.666666667,2.068885551,106.0920159
567,1.392649903,-0.000303594,144,8.616666667,1.182048647,152.6178016
568,1.489841986,45.74667073,119,7.383333333,0.704877856,398.0251262
569,1.418439716,-62.20245311,109,7.05,1.181764039,350.8802991
570,1.318681319,-47.3012593,127,7.583333333,0.672664506,462.611451
571,1.224489796,104.6049564,135,6.533333333,0.767502042,12.48945432
572,1.41509434,-11.27987309,147,7.066666667,1.036129338,131.9926396
573,1.26984127,121.693745,125,6.3,0.777716289,278.3622696
574,1.386554622,-174.2131906,136,7.933333333,0.993206314,188.6135302
575,1.45631068,-50.97152325,131,6.866666667,1.289219174,210.2092977
576,1.15942029,80.24840124,147,6.9,0.51299971,313.8723822
577,1.930294906,10.75021359,156,6.216666667,1.014267268,326.2220784
578,1.582150101,160.8331321,150,8.216666667,1.006793686,192.1270527
579,1.117021277,56.37920104,146,6.266666667,1.120826416,537.4691471
580,1.466992665,-32.27048415,142,6.816666667,1.107766095,335.0882862
581,1.683366733,-71.94061137,171,8.316666667,1.255888476,341.7950967
582,1.590361446,-117.0305703,141,6.916666667,1.267462514,247.4189394
583,1.061946903,-9.380654276,141,7.533333333,1.189469523,281.696323
586,1.516245487,60.1179587,117,4.616666667,0.61297131,589.6881123
587,1.169916435,-14.09457837,83,5.983333333,0.895627664,735.4920277
588,0.666666667,-31.98662021,76,6,0.944743256,353.3066722
589,3.092783505,-29.17362481,49,1.616666667,1.748171952,237.2049309
590,4.897959184,16.17509876,24,0.816666667,2.426176827,248.9096321
591,2.152466368,-82.46337302,65,3.716666667,1.612167922,19.34903824
592,1.216216216,-79.777882,73,4.933333333,0.983373957,275.817496
593,2.456140351,-49.72536764,68,2.85,0.936804695,320.1441249
594,1.417322835,-1.001990461,74,4.233333333,1.059845586,200.0058178
595,1.875,178.4339761,69,3.733333333,1.022454009,141.0727382
596,1.8,-65.84698543,78,5,0.748948107,478.5010965
597,1.953488372,-8.160632037,75,3.583333333,1.018409837,380.9452426
598,1.293103448,-53.2158762,71,3.866666667,1.019798745,362.7134623
599,1.555555556,-80.82038064,73,4.5,1.07530059,413.9666374
600,0.920245399,-29.54572634,81,5.433333333,0.842073013,260.2415155
601,2.727272727,-12.54738954,80,2.2,1.482264192,256.5209915
602,1.212121212,-28.06748529,80,4.95,1.084410191,296.8269651
603,2.105263158,-111.6379188,79,4.75,0.756028813,171.2535061
604,2.307692308,85.47578917,75,2.6,1.112392598,263.5132802
605,1.818181818,-92.69916979,74,4.95,0.930486526,251.7130184
606,1.756097561,-118.0333507,63,3.416666667,1.051062787,244.7788909
607,1.682242991,0.00625476,74,3.566666667,1.081074089,223.2271916
608,1.782178218,-86.64986661,79,3.366666667,0.962417789,49.94215678
609,1.787234043,-145.5540391,81,3.916666667,0.904846199,134.5060138
610,1.254355401,-57.34217963,82,4.783333333,0.857296532,169.6411443
611,1.953488372,-73.90687864,78,3.583333333,1.174784515,99.54551613
612,1.832061069,14.78908325,82,4.366666667,1.04565694,197.1301316
613,1.244813278,153.0670348,87,4.016666667,1.030732989,84.72112622
614,2.523364486,112.1611897,85,3.566666667,1.386769972,88.10520421
615,1.771217712,-35.8727412,87,4.516666667,1.141654979,144.0041177
616,1.802575107,95.26991062,83,3.883333333,0.868639279,116.4525387
617,2.337662338,-106.9033435,81,2.566666667,1.15837634,217.3683757
618,1.401869159,-49.75037414,83,3.566666667,1.157654652,150.4461256
619,1.454545455,-63.04166617,82,2.75,0.856016558,92.550387
620,3.157894737,155.6825676,77,1.9,1.693650513,45.28853195
621,2.272727273,61.82605703,79,2.2,1.354484674,211.8461961
622,1.832061069,136.8602084,80,2.183333333,1.711760781,200.6290662
623,1.782178218,-79.29604228,89,3.366666667,0.980800392,208.5078978
624,1.186440678,-98.13584438,90,5.9,1,129.3436192
625,1.603053435,-90.1341264,89,4.366666667,0.831588121,27.67030741
626,1.518987342,128.9287777,89,3.95,0.937539999,109.5152275
627,2.6,-167.6735717,93,5,1.308786884,130.6092054
628,1.588235294,-151.4817351,98,5.666666667,0.601519629,128.9094457
629,1.565217391,10.35692065,99,5.75,0.690790997,158.3167231
630,1.479452055,-145.912009,101,6.083333333,0.687618295,102.1833323
637,1.052631579,-12.86636051,92,6.65,0.56495989,187.7657246
638,0.882352941,5.06E-05,74,3.4,0.643991293,147.9874537
639,1.777777778,-8.528229726,78,4.5,0.924819341,108.9802645
640,0.679245283,-146.1425388,82,4.416666667,0.65572584,423.4157008
641,1.221995927,-0.000115704,103,8.183333333,0.832335197,498.916569
642,0.740740741,-0.000139534,103,6.75,0.439714039,601.7082184
643,0.913705584,9.128857786,104,6.566666667,0.541104064,539.7450303
644,0.904522613,-43.71664683,99,6.633333333,1.902488343,152.9983558
645,1.18226601,-20.28154529,94,3.383333333,1.114069302,119.7454934
646,1.165048544,-0.000171896,30,1.716666667,0.999646417,82.72707916
647,0.461538462,-0.000163204,29,2.166666667,0.572219398,78.54220033
648,2.903225806,-4.328168257,34,1.033333333,0.917885793,45.87204317
649,0.833333333,-5.66160094,35,1.2,1,57.16214511
650,1.714285714,2.844500263,51,2.916666667,0.714133389,78.52193745
651,1.690140845,63.76682869,27,2.366666667,1.170068065,107.3637753
652,4.347826087,-4.02E-05,13,1.15,1.42451548,131.7649927
653,0.472440945,-3.73E-05,63,4.233333333,0.714354379,122.330323
654,4.8,-140.7126146,38,0.833333333,1.533369428,316.8204874
655,1.704545455,-71.99100175,50,2.933333333,0.949769066,303.9493623
656,1.621621622,-37.28683916,43,1.233333333,1.286209145,114.9720498
657,0.588235294,5.22251257,46,1.7,0.848776823,109.5395436
658,0.41958042,-65.09006884,47,2.383333333,0.543468653,75.12648185
659,4.772727273,23.97316726,35,1.466666667,1.333694283,56.52277621
660,0.517241379,67.52474662,29,1.933333333,0.305081656,119.709574
661,4.571428571,41.10689242,44,1.75,0.849633157,302.8814502
662,1.698113208,-6.666326062,47,1.766666667,1.084130737,134.8576492
663,1.836734694,-26.13342064,38,1.633333333,0.961105832,46.67235176
664,1.6,2.78E-05,37,1.25,1.597843142,56.58514588
665,2.521008403,-36.09840555,59,1.983333333,0.824611611,170.6777894
666,1.168831169,-125.7076064,47,2.566666667,0.897864136,268.433149
667,2.272727273,-4.932869573,43,2.2,1.119174162,323.0145111
668,0.304568528,26.62733301,25,3.283333333,1.595666394,67.1850267
669,3.333333333,150.7295224,39,1.5,1.020850368,153.8023685
670,1.111111111,-5.730269847,11,0.9,1.907189896,87.87856645
671,1.44,-53.58243793,46,2.083333333,0.958641798,79.5328405
672,3.773584906,-110.7547393,36,2.65,1.216503503,681.5232222
673,1.276595745,-43.63593728,47,3.916666667,1.193796822,577.2332676
674,1.434262948,-65.93249751,89,4.183333333,0.818683565,512.6396103
675,0.825688073,-56.64406218,64,3.633333333,0.587445581,274.7882252
676,2.4,-14.62486026,28,0.833333333,0.915930035,242.4209287
677,0.947368421,-39.25977258,59,3.166666667,0.717652649,272.8135308
678,4.090909091,-25.77109422,25,0.733333333,1.021110031,74.01679688
679,1.666666667,0.000476544,12,0.6,1.821589578,216.4531107
680,0.679245283,-6.630793095,63,4.416666667,0.589638903,276.4484971
681,2.222222222,-13.86621799,32,1.35,1.300137014,156.9903067
682,1.481481481,0.000117848,30,1.35,1.120665842,156.9903474
683,1.025641026,0.000108778,43,1.95,0.903968973,144.9142029
684,6.666666667,8.36E-05,6,0.6,1.657830766,111.3692721
685,1.935483871,-64.95471874,20,1.033333333,1.307109235,107.3025006
686,4.054054054,-55.08204008,31,1.233333333,1.027938609,121.6117909
687,0.76433121,-35.36918105,51,2.616666667,1.011927913,174.2917292
688,3.037974684,-110.0812959,40,1.316666667,0.825269055,36.23323074
689,7.741935484,-34.15562883,15,0.516666667,1.167747674,70.41030595
690,1.714285714,8.28E-05,29,1.166666667,0.915338888,101.9738485
691,0.909090909,9.79E-05,33,2.2,1.101522618,120.5885835
692,1.121495327,6.30447602,39,1.783333333,0.672504475,110.3995477
693,2.181818182,37.45423849,25,1.833333333,0.841705156,74.22549299
694,1.008403361,6.47E-05,57,1.983333333,1.220912245,86.23585957
695,4.528301887,9.45E-05,41,1.766666667,1.620257011,125.8702797
696,2.742857143,6.74E-05,48,2.916666667,1.358030762,89.83838756
697,1.967213115,2.92E-05,31,1.016666667,0.820103423,38.91387032
698,1.739130435,3.53E-05,30,1.15,1.087545027,47.08091132
699,1.411764706,3.70E-05,50,1.416666667,0.58195399,49.24271072
700,0.638297872,4.96E-05,29,1.566666667,0.879173941,66.05716771
701,3.711340206,-13.29300334,55,1.616666667,0.77792756,63.41465367
702,3.75,-48.83173885,30,1.066666667,1.131350688,73.21494452
703,4.761904762,0.000184158,31,1.05,1.884090959,94.35262428
704,1.951219512,0.000281611,33,2.05,1.052672869,144.2866705
705,0.722891566,0.000250512,38,4.15,1.167112329,128.3576199
706,0.508474576,0.000218818,25,1.966666667,1.19744315,112.1219833
707,2.181818182,0.000180551,39,2.75,1.201432013,92.51632559
708,2.553191489,0.000101034,19,0.783333333,1.520452587,51.77252772
709,1.304347826,116.8854244,41,1.533333333,0.699669621,46.66459584
710,2.790697674,22.27937234,39,1.433333333,1.255126959,82.23719
711,2.352941176,-0.000104505,21,0.85,1.182531878,120.892432
712,2.553191489,-0.000122201,47,2.35,1.271220526,141.3569407
713,1.016949153,0.087265832,35,1.966666667,0.511911339,56.69834148
714,4.864864865,179.7067161,25,1.233333333,1.231784933,130.5772633
715,1.88976378,0.000114181,29,2.116666667,0.99574595,135.2269365
716,0.863309353,50.99009403,21,2.316666667,0.601108263,290.9081222
717,1.587301587,7.119418063,43,3.15,0.699951382,358.9198408
718,0.394736842,-10.88372227,66,2.533333333,0.346870787,149.3983022
719,2.068965517,0.000212786,23,0.966666667,0.925382864,132.7280045
720,1.165048544,0.000426583,47,1.716666667,0.781391571,266.0993536
721,2.641509434,1.095066521,51,2.65,1.238398046,175.4221226
722,1.764705882,169.1586493,46,2.266666667,1.568241586,42.43685212
723,1.077844311,-0.000106753,48,2.783333333,0.992055424,50.59372575
724,0.700389105,-9.02E-05,44,4.283333333,0.652294977,42.74646085
725,4.47761194,-4.12E-05,31,1.116666667,1.196476321,19.51466587
731,1.129411765,29.72191896,225,7.083333333,1.435223051,979.0161174
732,0.954545455,0.000971579,186,7.333333333,1.311725408,1048.356766
733,1.111111111,-16.42932844,190,8.1,0.990275653,1076.369923
734,1.002386635,-15.78615619,183,6.983333333,1,1195.836744
735,1.166306695,8.853998374,199,7.716666667,1.25120969,944.0413698
736,1.115241636,21.47312197,35,4.483333333,0.923812943,963.866801
737,0.878661088,6.27514573,188,7.966666667,0.649486467,918.8091233
738,1.048034934,-6.049336105,35,3.816666667,0.665298286,782.8888901
739,0.802139037,-24.08568419,149,6.233333333,0.759560453,845.2639855
740,0.920245399,-44.32081356,56,5.433333333,0.744981738,926.3115335
741,0.7907743,-4.560952762,132,10.11666667,1.197390191,1209.858229
742,0.804769001,20.12161811,145,11.18333333,1.09095308,976.4807758
743,0.714285714,-0.935668253,147,5.6,1.089844848,945.0799192
744,0.940766551,1.293115581,113,9.566666667,1.343427091,950.8835849
747,0.952380952,-38.49097763,201,9.45,1.044141598,493.0552287
748,1.276595745,151.7332336,147,8.616666667,1.104024157,50.76028787
749,1.431670282,87.29083969,158,7.683333333,0.761112432,205.9959079
750,1.064301552,51.43941228,144,7.516666667,0.989233112,455.841798
751,1.238273921,-102.4323194,149,8.883333333,1.38373434,299.3288222
752,1.428571429,37.05475225,149,7.7,1.287026032,220.6349508
753,1.088435374,-160.9314563,140,7.35,1.331792691,83.90152415
754,1.038961039,169.1823715,131,7.7,1.013830565,264.0553667
755,1.146496815,20.53642216,126,7.85,0.915431952,207.3621571
756,0.98630137,156.6975985,121,6.083333333,1,506.5945684
770,1.881918819,-68.72403201,250,9.033333333,1.01299972,680.8741837
771,1.463414634,39.6566836,249,8.883333333,0.937866928,375.1165311
772,1.410488246,68.82995192,260,9.216666667,1.096635915,618.6176058
773,1.475409836,117.2239489,216,6.1,0.914348616,716.1505563
774,1.503416856,26.43059329,186,7.316666667,0.889898425,1124.897873
775,1.618257261,-73.39105609,246,8.033333333,1.052884167,341.5586522
776,1.460446247,-156.0601899,244,8.216666667,0.98700028,698.2289328
777,1.553784861,-67.81901659,244,8.366666667,1.081935514,349.8001493
786,1.565217391,-14.88681874,9,1.916666667,1.20372104,451.6667908
787,1.205357143,9.443459996,252,7.466666667,1.040470887,458.3855698
788,2.380952381,70.27781404,10,2.1,1.159171859,450.9490643
789,1.266794626,23.7379501,241,8.683333333,1,436.3189753
790,1.860465116,30.05636545,11,2.15,1.22790027,290.9108712
791,1.161290323,2.64053321,9,2.583333333,1.023135445,261.8612694
792,2.637362637,2.795662165,7,1.516666667,1.594365712,170.7150261
793,1.447368421,143.8597934,180,7.6,0.916647835,277.6511998
794,1.576182137,18.22234579,186,9.516666667,0.980695355,513.1464075
795,1.25,-19.37396491,187,8,0.85185783,320.7537562
796,1.532846715,-17.75849259,182,9.133333333,1.049821911,233.3790474
801,1.509433962,2.211471673,214,7.95,0.847883693,827.1032109
802,1.058201058,4.541483688,245,9.45,1.131502304,403.3123554
803,1.538461538,141.5064584,13,1.3,1.066282318,161.8142982
804,7.272727273,37.37037697,10,0.55,1.889839815,317.1218893
805,0.689655172,16.38633397,217,8.7,0.870693977,283.7935142
806,2.790697674,5.28E-05,9,0.716666667,1.234775239,66.13128752
807,0.705882353,64.27437057,15,1.416666667,0.530198859,167.7141699
808,4.736842105,42.11265433,8,0.633333333,1.6693404,386.1745057
809,0.755667506,20.15130299,231,6.616666667,0.634510253,479.7944131
810,2.290076336,4.231205095,18,2.183333333,0.706462317,719.5258076
811,1.077199282,-2.569591463,232,9.283333333,1,704.8792253
812,3.396226415,-165.939208,28,1.766666667,1.356501707,153.5403619
813,1.12244898,-20.74177963,240,9.8,0.950177851,522.575972
814,0.098360656,0.000231139,193,10.16666667,0.923177923,250.545116
815,1.395348837,6.90E-05,12,0.716666667,3.020995966,74.81825113
816,2.424242424,-10.71904921,25,1.65,1.771932966,430.8720476
817,1.171366594,26.16453843,83,7.683333333,0.997015923,673.299312
818,0.654545455,36.41729051,237,9.166666667,0.81892621,513.0864996
819,3.356643357,81.44724518,40,2.383333333,1.779476712,649.6933286
820,0.898502496,9.907343958,235,10.01666667,0.875969825,704.0741097
821,0.845070423,0.873986006,142,2.366666667,1.095800807,359.9189461
822,3.260869565,9.382663234,16,1.533333333,1.936260116,672.1991718
823,0.338983051,4.128785285,187,8.85,1.006732078,620.8748641
824,3.614457831,-58.77393102,13,1.383333333,1.78355893,551.4651798
825,0.963855422,-41.16123219,216,8.3,1.051063525,1034.771074
826,1.00456621,-8.890771142,224,10.95,0.810797584,1110.357346
827,1.119081779,34.48375314,238,11.61666667,0.970147294,776.4811595
828,1.030927835,28.48455476,211,9.7,1.066843324,621.1387626
829,0.987202925,0.000883772,143,9.116666667,0.798121225,653.5296485
830,1.272430669,-9.669818254,160,10.21666667,0.897479052,96.4013449
831,0.912162162,-160.1213233,165,9.866666667,1.030234668,295.1538844
834,1.18226601,80.78298719,48,3.383333333,1.189442252,647.8301636
835,0.557275542,9.027434237,226,10.76666667,0.883693711,871.3074859
836,0.636042403,8.12925615,52,4.716666667,1.287291989,854.1306225
837,0.100502513,6.071420104,184,9.95,1,641.9214198
838,0.45112782,-61.40154686,20,2.216666667,1.137223714,552.9306259
839,1.073558648,-39.18528089,207,8.383333333,1.195444383,1034.504685
840,0.780346821,-8.039216688,221,11.53333333,0.959230527,1098.749994
841,0.582524272,33.76007987,228,12.01666667,0.804030431,760.9236112
842,0.38277512,29.00828647,199,10.45,0.955449184,622.9395281
843,0.470957614,0.000899596,142,10.61666667,1.038173552,665.2321816
844,0.733944954,-9.324794418,151,10.9,0.994943205,99.53150734
845,0.277349769,-157.9016339,171,10.81666667,0.866257521,312.0916696
846,1.082474227,108.1366319,118,6.466666667,1.227030596,474.86757
851,0.380348653,-9.816483963,29,21.03333333,0.920982235,877.1565425
852,0.360721443,10.53228368,30,16.63333333,0.968402039,477.3790391
853,0.375782881,-19.39349418,110,15.96666667,1.081921485,227.2877426
854,0.366812227,-3.758412259,26,19.08333333,0.924137458,480.6070751
855,0.302114804,-2.53887803,27,16.55,0.94592679,748.3803625
856,0.353238015,33.15253858,27,19.81666667,0.938130187,391.4425925
857,0.320284698,-43.82245415,26,18.73333333,0.87292224,601.3595904
858,0.334128878,10.34428277,33,20.95,0.944715001,856.7225819
859,0.379746835,-17.69922478,29,18.43333333,1.057479937,1170.609996
860,0.405014465,5.462870338,32,17.28333333,1.080366738,780.4660267
861,0.412844037,-3.278236232,33,14.53333333,1.093170542,875.8769191
862,0.372670807,-2.222154179,39,16.1,1.275373254,813.5233505
871,15,27.43688018,10,0.6,1.901830178,338.4498275
872,0.272727273,36.92261683,95,3.666666667,1.059963868,224.0510209
873,0.967741935,-30.07455848,75,2.066666667,1.049249863,26.98632721
874,2.264150943,-95.1497146,60,1.766666667,1.482130233,63.1536694
875,2,-143.5942535,95,3.5,1.760223078,241.9407302
876,1.216216216,-147.6134731,72,4.933333333,1.188186317,442.8863984
877,1.463414634,6.361810172,78,6.15,1.249454088,508.8623229
878,1.323529412,29.70062433,122,4.533333333,0.903008405,642.1796171
879,1.343283582,-29.49395417,111,6.7,0.825858142,718.9814374
880,1.327967807,-21.89806074,99,8.283333333,0.793103448,879.4820538
881,1.306930693,28.09036055,117,8.416666667,0.731317257,647.5369211
882,1.181102362,31.97460427,108,8.466666667,0.752085461,524.2815742
883,1.088709677,-33.16092183,100,8.266666667,0.718089702,577.7906921
884,1.374045802,-21.70177605,91,6.55,0.788908962,564.2136445
885,1.03250478,27.28002052,113,8.716666667,0.792255125,680.1500875
886,1.230769231,-9.78233654,103,6.5,1.083936847,732.5310814
887,1.286863271,-13.15715764,87,6.216666667,0.989914382,212.9365394
888,1.112984823,-145.4349184,115,9.883333333,0.90373105,711.1083915
889,1.069306931,-22.54116738,123,8.416666667,0.818883041,478.665982
890,1.255230126,-51.95183409,115,7.966666667,0.861173513,84.82694339
891,1.286549708,60.47195543,111,8.55,0.795585579,538.7899236
892,1.0546875,-28.2945853,117,8.533333333,1.020878171,421.4236683
893,1.286863271,-2.462869958,84,6.216666667,0.905506245,277.8474332
894,0.913705584,-8.4477436,83,6.566666667,0.747294007,222.5457372
895,0.789473684,35.174029,74,3.8,0.836729244,154.4034552
896,1.810344828,-0.00035268,68,3.866666667,1.169900244,157.6027255
897,0.759493671,-0.000276307,56,3.95,0.847317571,123.4682363
898,3.789473684,25.84038751,47,1.583333333,1.83589663,215.3431281
920,0.927152318,134.9573305,77,7.55,0.679529271,63.59642771
921,1.757322176,151.2944146,66,3.983333333,0.845158402,65.20723669
922,1.441441441,42.5110785,71,5.55,0.696104976,89.34934571
923,1.512605042,161.4229139,93,3.966666667,0.597674072,171.7874095
924,0.824175824,-56.17310358,103,6.066666667,0.911930243,201.5305361
925,0.285714286,24.61252392,66,3.5,0.631731548,249.1783456
926,2.521008403,20.6982321,86,3.966666667,1.453044387,469.6219094
927,1.764705882,-9.360600123,42,2.266666667,1.124749499,456.4428974
928,0.983606557,-38.148206,118,8.133333333,0.609730098,741.1674477
929,1.549815498,-18.52456952,136,4.516666667,1.080043065,559.5882304
930,0.708661417,11.16612819,121,4.233333333,1,595.9562968
931,1.144414169,24.81007745,87,6.116666667,1.185583934,319.8783719
932,1.44,55.77827454,33,2.083333333,1.082931821,187.6170431
933,1.678321678,0.914627152,21,2.383333333,1.327132989,386.4375782
934,0.801781737,-1.89E-05,43,7.483333333,0.994414361,508.030293
935,1.246290801,-1.54E-05,49,5.616666667,1.27923933,413.6405841
936,0.182926829,-5.786213795,48,5.466666667,1.302125528,266.4695366
937,1.401869159,-30.58084769,47,3.566666667,0.837025114,81.51961229
938,0.652173913,-2.850346605,44,1.533333333,1.349816655,30.48514048
939,2.222222222,-81.84518043,42,1.8,1.132968064,53.02638442
940,1.595744681,-17.37062178,41,3.133333333,0.838389545,117.974967
941,1.313868613,52.34856705,45,4.566666667,0.8580139,4.243293036
942,0.659340659,111.9781466,41,3.033333333,0.923837036,79.89405677
943,1.666666667,-52.51508718,39,1.8,1.033567134,164.0851386
944,1.666666667,-25.56780654,44,4.2,1.089412868,648.8388455
945,1.451612903,58.60460959,41,4.133333333,1.574596001,364.5164905
946,0.845070423,4.041592747,47,3.55,1.246524965,319.0409996
947,0.964630225,125.6380565,91,5.183333333,0.630100627,273.6474001
948,1.708860759,-7.412242833,103,5.266666667,0.86552893,299.9662555
949,0.98630137,5.021634401,90,6.083333333,0.841928538,321.1564434
950,0.666666667,21.80516488,85,4.5,0.708960474,276.9654358
951,2.131979695,-2.643925126,91,3.283333333,1.205282906,412.785423
977,0.995850622,-8.446440531,105,8.033333333,1.110924016,242.8898034
978,1.219512195,75.56705009,105,8.2,1.077133559,217.2983321
979,1.012658228,-22.73287874,103,7.9,0.904943089,291.8436079
980,0.910815939,-27.65964653,110,8.783333333,0.984991014,278.836697
981,1.030042918,-33.73993924,101,7.766666667,0.904829752,169.9999883
982,1.341463415,-115.5361499,104,8.2,1.205657109,242.4362338
983,1.003717472,-22.57059765,109,8.966666667,0.968476272,395.4265733
984,1.094890511,-9.406030498,112,9.133333333,1.114129819,173.1458536
985,1.104972376,-170.2092447,118,9.05,1,272.8248247
986,0.989690722,-120.9565648,112,8.083333333,1.018991953,43.85310376
991,1.118012422,17.51834301,30,2.683333333,1.010515604,160.3667715
992,1.085972851,-60.55254473,32,3.683333333,1.014980085,239.9553485
993,0.405405405,17.02688359,34,2.466666667,0.827121723,123.8503106
994,1.294964029,116.3800973,36,4.633333333,0.827800149,206.1965394
995,0.279069767,61.84654105,28,3.583333333,0.664036854,217.1868995
996,0.75,23.65403583,39,4,0.899461636,154.8888824
997,0.722891566,84.68680976,14,2.766666667,0.835426971,316.1283024
998,0.171428571,-9.26E-05,42,5.833333333,0.715761369,277.7764562
999,1.237113402,149.0021195,27,1.616666667,1.271085919,274.3853081
1000,3.354037267,1.437362148,29,2.683333333,0.957773449,256.8461444
1001,1.5,7.66E-05,9,0.666666667,0.983597409,177.8548662
1002,2.033898305,7.11E-05,33,1.966666667,0.6727032,165.2555468
1003,4.285714286,6.17E-05,3,0.233333333,3.335142469,143.448218
1004,1.318681319,55.33727755,29,3.033333333,0.866722108,127.3013415
1005,0.631578947,76.93715055,34,4.75,0.927988357,277.620583
1006,0.902255639,-56.86254979,41,4.433333333,0.800991377,211.2179867
1007,7.5,96.8226723,4,0.4,0.771698691,176.8171353
1008,1.454545455,30.87882825,17,2.75,1.287707358,350.8960843
1009,1.237113402,4.070400122,38,4.85,1.099783341,258.3247278
1010,0.693641618,80.5716917,8,2.883333333,0.947914387,162.845615
1011,1.290322581,13.12344695,5,1.55,1.106830218,189.3852379
1012,6.486486486,105.1982257,11,1.233333333,0.942618287,423.7470359
1013,1.045751634,109.033756,41,7.65,0.712785048,248.2789619
1014,0.725806452,27.71631587,36,4.133333333,0.978782772,324.2811631
1015,7.142857143,-28.90704051,29,1.4,1.336411783,373.510087
1016,0.927835052,4.32570465,10,3.233333333,0.706449424,233.7056809
1017,0.662983425,39.91921361,28,3.016666667,1.096807021,132.050868
1018,1.304347826,-26.80536487,5,1.533333333,1.1963934,191.2177191
1019,4,-2.171652022,4,0.5,0.835591106,382.7855159
1020,8.25,-5.860600774,5,1.333333333,1.087210575,432.5787475
1021,0.365853659,-139.8555059,25,2.733333333,1.049634525,206.9722138
1022,0.923076923,-20.6429172,6,2.166666667,0.824451788,252.6127802
1023,1.818181818,-28.58385123,4,1.1,1.167144483,405.404027
8211,2.3,0,800,5,1,500
8221,2.3,0,946,5,1,620
